alpha_AHP,beta_entropy,gamma_CRITIC,loss,CR
0.35000000000000003,0.35749999999999993,0.2925,0.027320146745842502,-1.0911282797298836e-16
