sample_id,file_name,content_type,grey_relation_degree
image_01,1.png,写实风景,0.6170646293097158
image_02,2.png,人物肖像,0.6811600633375542
image_03,3.png,艺术插画,0.49767018173863337
image_04,4.png,动态街景,0.6685657202961701
image_05,5.jpg,写实风景,0.6905590124602583
image_06,6.jpg,人物插画,0.6092062445195021
image_07,7.jpg,水墨插画,0.6243183456550927
image_08,8.jpg,像素街景,0.6054371888682366
