feature,feature_type,spearman_rho,spearman_p,kendall_tau,kendall_p
color_richness_score,observable_proxy_not_generation_parameter,0.7619047619047621,0.028004939153071794,0.6428571428571428,0.03115079365079365
file_size_mb,observable_proxy_not_generation_parameter,0.4523809523809524,0.260404767436885,0.2857142857142857,0.39875992063492066
megapixels,observable_proxy_not_generation_parameter,-0.4364357804719848,0.2796582909046579,-0.2672612419124244,0.38974865543802617
edge_density,observable_proxy_not_generation_parameter,0.38095238095238104,0.3518125531175647,0.2857142857142857,0.39875992063492066
aspect_ratio,observable_proxy_not_generation_parameter,-0.3546040716334876,0.3887514877079521,-0.2672612419124244,0.38974865543802617
artifact_risk_score,observable_proxy_not_generation_parameter,-0.2380952380952381,0.5701563208157683,-0.21428571428571427,0.5484126984126985
proxy_prompt_token_count,observable_proxy_not_generation_parameter,0.21821789023599242,0.6036450565101361,0.15724272550828775,0.621873424330741
sharpness_score,observable_proxy_not_generation_parameter,0.02395252523826518,0.9551061898789129,-0.036369648372665396,0.9007802600472398
